QueryId,DocumentId
10001,277
10001,210
10001,51
10001,70
10001,125
10001,218
10001,215
10001,147
10001,55
10001,250
10002,162
10002,79
10002,156
10002,135
10002,100
10002,130
10002,138
10002,64
10002,159
10002,61
10003,19
10003,140
10003,96
10003,81
10003,106
10003,78
10003,68
10003,15
10003,67
10003,31
10004,59
10004,52
10004,113
10004,34
10004,50
10004,130
10004,10
10004,47
10004,99
10004,53
10005,59
10005,47
10005,14
10005,53
10005,39
10005,72
10005,76
10005,42
10005,31
10005,70
10006,265
10006,290
10006,28
10006,231
10006,160
10006,266
10006,93
10006,52
10006,136
10006,143
10007,163
10007,167
10007,10
10007,136
10007,41
10007,29
10007,73
10007,23
10007,160
10007,116
10008,88
10008,11
10008,133
10008,123
10008,81
10008,46
10008,30
10008,52
10008,91
10008,79
10009,23
10009,42
10009,60
10009,89
10009,21
10009,96
10009,74
10009,95
10009,38
10009,51
10010,42
10010,112
10010,58
10010,106
10010,6
10010,113
10010,71
10010,46
10010,77
10010,3
10011,46
10011,58
10011,28
10011,31
10011,13
10011,18
10011,15
10011,45
10011,44
10011,19
10012,1
10012,60
10012,57
10012,3
10012,52
10012,54
10012,9
10012,39
10012,42
10012,48
10013,139
10013,138
10013,6
10013,83
10013,142
10013,119
10013,71
10013,147
10013,113
10013,54
10014,6
10014,44
10014,26
10014,4
10014,34
10014,50
10014,31
10014,19
10014,18
10014,0
10016,86
10016,85
10016,13
10016,71
10016,23
10016,51
10016,58
10016,73
10016,25
10016,18
10017,37
10017,67
10017,73
10017,128
10017,79
10017,99
10017,111
10017,164
10017,38
10017,126
10018,76
10018,83
10018,77
10018,22
10018,62
10018,48
10018,26
10018,86
10018,8
10018,36
10019,35
10019,89
10019,15
10019,11
10019,95
10019,124
10019,150
10019,87
10019,61
10019,121
10020,13
10020,120
10020,62
10020,68
10020,127
10020,83
10020,58
10020,31
10020,24
10020,57
10021,60
10021,36
10021,101
10021,80
10021,65
10021,95
10021,62
10021,97
10021,119
10021,72
10022,31
10022,66
10022,58
10022,41
10022,30
10022,67
10022,26
10022,47
10022,43
10022,8
10023,87
10023,90
10023,54
10023,31
10023,88
10023,57
10023,80
10023,60
10023,72
10023,39
10024,48
10024,80
10024,8
10024,76
10024,19
10024,98
10024,12
10024,33
10024,87
10024,70
10025,13
10025,63
10025,39
10025,46
10025,73
10025,15
10025,56
10025,35
10025,53
10025,51
10026,112
10026,167
10026,126
10026,137
10026,73
10026,122
10026,103
10026,18
10026,35
10026,198
10027,105
10027,20
10027,64
10027,120
10027,131
10027,99
10027,88
10027,36
10027,114
10027,12
10028,22
10028,72
10028,28
10028,46
10028,11
10028,52
10028,17
10028,38
10028,44
10028,55
10029,32
10029,62
10029,57
10029,105
10029,110
10029,55
10029,86
10029,79
10029,116
10029,49
10030,27
10030,49
10030,77
10030,91
10030,31
10030,58
10030,119
10030,60
10030,30
10030,65
10031,7
10031,107
10031,37
10031,114
10031,44
10031,101
10031,30
10031,11
10031,99
10031,109
10032,72
10032,76
10032,24
10032,90
10032,23
10032,22
10032,10
10032,30
10032,74
10032,11
10033,7
10033,142
10033,90
10033,51
10033,80
10033,41
10033,99
10033,46
10033,57
10033,12
10034,42
10034,8
10034,32
10034,121
10034,40
10034,90
10034,35
10034,55
10034,67
10034,115
10035,10
10035,33
10035,8
10035,11
10035,49
10035,2
10035,41
10035,39
10035,37
10035,50
10037,43
10037,15
10037,121
10037,29
10037,31
10037,19
10037,105
10037,93
10037,158
10037,123
10038,50
10038,60
10038,34
10038,22
10038,49
10038,37
10038,29
10038,30
10038,2
10038,31
10039,57
10039,33
10039,31
10039,96
10039,91
10039,90
10039,66
10039,88
10039,61
10039,20
10040,109
10040,123
10040,81
10040,67
10040,66
10040,16
10040,95
10040,57
10040,14
10040,69
10041,90
10041,106
10041,93
10041,35
10041,52
10041,80
10041,5
10041,67
10041,9
10041,94
10042,155
10042,51
10042,178
10042,234
10042,95
10042,103
10042,209
10042,265
10042,111
10042,40
10043,15
10043,42
10043,59
10043,30
10043,23
10043,38
10043,40
10043,10
10043,2
10043,28
10044,11
10044,38
10044,59
10044,35
10044,18
10044,43
10044,2
10044,73
10044,67
10044,31
10045,28
10045,32
10045,86
10045,34
10045,107
10045,101
10045,106
10045,94
10045,74
10045,13
10046,31
10046,23
10046,38
10046,55
10046,52
10046,48
10046,35
10046,18
10046,49
10046,5
10047,41
10047,57
10047,39
10047,34
10047,75
10047,74
10047,71
10047,9
10047,49
10047,68
10048,34
10048,66
10048,36
10048,70
10048,16
10048,61
10048,24
10048,42
10048,35
10048,46
10049,29
10049,4
10049,32
10049,40
10049,26
10049,27
10049,10
10049,23
10049,12
10049,25
10050,61
10050,76
10050,63
10050,60
10050,24
10050,59
10050,47
10050,70
10050,57
10050,5
10051,65
10051,147
10051,101
10051,24
10051,30
10051,144
10051,163
10051,164
10051,55
10051,131
10052,69
10052,78
10052,87
10052,139
10052,59
10052,117
10052,57
10052,115
10052,136
10052,80
10053,84
10053,73
10053,18
10053,101
10053,16
10053,60
10053,110
10053,102
10053,66
10053,108
10054,81
10054,95
10054,109
10054,58
10054,121
10054,38
10054,91
10054,85
10054,82
10054,87
10055,67
10055,66
10055,53
10055,6
10055,0
10055,32
10055,60
10055,50
10055,69
10055,40
10056,146
10056,179
10056,93
10056,8
10056,116
10056,99
10056,88
10056,178
10056,71
10056,51
10057,158
10057,138
10057,2
10057,38
10057,110
10057,24
10057,184
10057,179
10057,68
10057,131
10058,26
10058,121
10058,160
10058,95
10058,132
10058,110
10058,113
10058,34
10058,100
10058,152
10059,60
10059,94
10059,72
10059,50
10059,106
10059,20
10059,112
10059,75
10059,95
10059,141
10060,16
10060,72
10060,76
10060,7
10060,63
10060,84
10060,51
10060,36
10060,52
10060,37
10061,68
10061,53
10061,26
10061,24
10061,49
10061,70
10061,34
10061,75
10061,52
10061,18
10063,14
10063,29
10063,40
10063,33
10063,11
10063,7
10063,3
10063,31
10063,19
10063,30
10065,58
10065,109
10065,75
10065,9
10065,10
10065,83
10065,79
10065,29
10065,33
10065,91
10066,85
10066,73
10066,8
10066,42
10066,64
10066,10
10066,20
10066,65
10066,60
10066,87
10067,24
10067,11
10067,147
10067,123
10067,99
10067,125
10067,35
10067,64
10067,189
10067,7
10068,30
10068,31
10068,18
10068,7
10068,10
10068,2
10068,16
10068,28
10068,0
10068,12
10069,4
10069,69
10069,46
10069,10
10069,33
10069,66
10069,2
10069,56
10069,7
10069,5
10071,52
10071,47
10071,63
10071,83
10071,10
10071,49
10071,22
10071,73
10071,97
10071,43
10072,379
10072,413
10072,401
10072,387
10072,161
10072,449
10072,386
10072,443
10072,408
10072,395
10073,80
10073,24
10073,83
10073,55
10073,94
10073,50
10073,128
10073,28
10073,67
10073,72
10074,10
10074,46
10074,31
10074,13
10074,49
10074,26
10074,58
10074,33
10074,53
10074,43
10075,2
10075,20
10075,36
10075,1
10075,14
10075,17
10075,3
10075,46
10075,49
10075,22
10076,34
10076,47
10076,40
10076,60
10076,53
10076,48
10076,29
10076,18
10076,27
10076,30
10077,60
10077,64
10077,45
10077,26
10077,58
10077,56
10077,66
10077,31
10077,19
10077,6
10078,109
10078,76
10078,69
10078,101
10078,96
10078,22
10078,15
10078,14
10078,21
10078,29
10079,20
10079,10
10079,3
10079,13
10079,21
10079,14
10079,24
10079,7
10079,23
10079,8
10080,44
10080,134
10080,366
10080,62
10080,179
10080,147
10080,386
10080,21
10080,313
10080,346
10082,59
10082,92
10082,61
10082,70
10082,8
10082,37
10082,7
10082,21
10082,121
10082,60
10083,23
10083,118
10083,171
10083,81
10083,55
10083,28
10083,115
10083,164
10083,103
10083,32
10084,72
10084,99
10084,101
10084,84
10084,75
10084,23
10084,3
10084,1
10084,10
10084,33
10085,111
10085,51
10085,67
10085,117
10085,118
10085,108
10085,104
10085,80
10085,75
10085,38
10086,64
10086,60
10086,86
10086,118
10086,112
10086,4
10086,51
10086,122
10086,91
10086,14
10087,23
10087,9
10087,41
10087,39
10087,44
10087,29
10087,6
10087,84
10087,32
10087,4
10088,38
10088,32
10088,58
10088,80
10088,74
10088,51
10088,62
10088,69
10088,13
10088,9
10089,324
10089,101
10089,53
10089,88
10089,277
10089,118
10089,8
10089,175
10089,182
10089,63
10090,177
10090,78
10090,27
10090,127
10090,29
10090,72
10090,114
10090,60
10090,26
10090,94
10091,2
10091,44
10091,22
10091,19
10091,18
10091,41
10091,48
10091,11
10091,26
10091,24
10093,23
10093,76
10093,42
10093,40
10093,36
10093,64
10093,15
10093,24
10093,46
10093,72
10094,49
10094,21
10094,52
10094,4
10094,58
10094,9
10094,16
10094,2
10094,43
10094,35
10095,26
10095,53
10095,5
10095,1
10095,202
10095,35
10095,0
10095,133
10095,92
10095,75
10096,16
10096,25
10096,77
10096,8
10096,52
10096,1
10096,0
10096,26
10096,64
10096,18
10097,39
10097,34
10097,26
10097,15
10097,73
10097,62
10097,13
10097,76
10097,69
10097,2
10098,84
10098,27
10098,76
10098,75
10098,72
10098,59
10098,87
10098,42
10098,16
10098,24
10099,144
10099,132
10099,136
10099,83
10099,91
10099,26
10099,137
10099,63
10099,80
10099,151
10101,19
10101,24
10101,27
10101,16
10101,4
10101,2
10101,37
10101,35
10101,1
10101,33
10102,4
10102,131
10102,10
10102,31
10102,107
10102,8
10102,114
10102,48
10102,11
10102,74
10103,16
10103,43
10103,23
10103,19
10103,57
10103,44
10103,71
10103,52
10103,0
10103,13
10104,150
10104,165
10104,119
10104,86
10104,38
10104,168
10104,60
10104,36
10104,115
10104,116
10105,108
10105,351
10105,36
10105,249
10105,161
10105,230
10105,299
10105,120
10105,273
10105,50
10106,91
10106,21
10106,86
10106,75
10106,100
10106,27
10106,36
10106,54
10106,104
10106,25
10107,74
10107,68
10107,38
10107,57
10107,52
10107,10
10107,41
10107,28
10107,67
10107,29
10108,18
10108,30
10108,16
10108,7
10108,1
10108,22
10108,36
10108,29
10108,52
10108,23
10109,11
10109,9
10109,20
10109,24
10109,62
10109,16
10109,17
10109,44
10109,26
10109,66
10110,54
10110,45
10110,0
10110,21
10110,62
10110,27
10110,28
10110,37
10110,69
10110,46
10112,44
10112,43
10112,42
10112,47
10112,88
10112,75
10112,34
10112,110
10112,25
10112,107
10113,52
10113,198
10113,180
10113,72
10113,60
10113,61
10113,49
10113,39
10113,238
10113,215
10114,18
10114,13
10114,41
10114,5
10114,12
10114,59
10114,14
10114,30
10114,32
10114,40
10115,54
10115,61
10115,81
10115,26
10115,66
10115,75
10115,70
10115,83
10115,34
10115,10
10116,8
10116,95
10116,25
10116,65
10116,60
10116,49
10116,131
10116,52
10116,23
10116,64
10117,9
10117,88
10117,101
10117,108
10117,41
10117,46
10117,80
10117,60
10117,18
10117,107
10118,8
10118,92
10118,95
10118,88
10118,9
10118,80
10118,112
10118,63
10118,32
10118,49
10119,51
10119,50
10119,19
10119,12
10119,14
10119,3
10119,55
10119,70
10119,32
10119,16
10120,159
10120,133
10120,69
10120,82
10120,35
10120,160
10120,24
10120,54
10120,125
10120,43
10121,99
10121,51
10121,49
10121,103
10121,41
10121,54
10121,25
10121,109
10121,13
10121,29
10122,14
10122,23
10122,28
10122,39
10122,44
10122,55
10122,18
10122,3
10122,26
10122,48
10124,18
10124,84
10124,86
10124,61
10124,58
10124,39
10124,64
10124,15
10124,1
10124,24
10125,202
10125,25
10125,168
10125,157
10125,177
10125,150
10125,226
10125,163
10125,218
10125,186
10126,23
10126,52
10126,57
10126,87
10126,44
10126,96
10126,48
10126,29
10126,46
10126,74
10127,82
10127,72
10127,3
10127,87
10127,84
10127,10
10127,74
10127,8
10127,49
10127,15
10128,26
10128,14
10128,62
10128,45
10128,21
10128,66
10128,31
10128,44
10128,57
10128,73
10129,68
10129,84
10129,149
10129,95
10129,153
10129,97
10129,25
10129,160
10129,78
10129,99
10130,100
10130,149
10130,117
10130,184
10130,69
10130,164
10130,56
10130,34
10130,136
10130,157
10132,11
10132,5
10132,2
10132,0
10132,19
10132,28
10132,26
10132,36
10132,35
10132,1
10133,36
10133,63
10133,34
10133,13
10133,31
10133,0
10133,44
10133,59
10133,51
10133,24
10134,19
10134,31
10134,77
10134,96
10134,39
10134,40
10134,67
10134,117
10134,34
10134,51
10135,77
10135,64
10135,73
10135,105
10135,104
10135,22
10135,93
10135,72
10135,1
10135,96
10136,8
10136,34
10136,35
10136,0
10136,36
10136,29
10136,31
10136,15
10136,25
10136,2
10137,53
10137,81
10137,21
10137,93
10137,83
10137,14
10137,103
10137,40
10137,20
10137,23
10138,51
10138,58
10138,8
10138,71
10138,86
10138,94
10138,82
10138,4
10138,53
10138,108
10139,48
10139,12
10139,33
10139,21
10139,22
10139,19
10139,16
10139,30
10139,0
10139,5
10140,67
10140,1
10140,30
10140,177
10140,142
10140,73
10140,159
10140,101
10140,45
10140,176
10141,59
10141,131
10141,20
10141,138
10141,32
10141,58
10141,56
10141,96
10141,64
10141,132
10142,102
10142,21
10142,64
10142,96
10142,95
10142,36
10142,32
10142,71
10142,2
10142,13
10143,40
10143,66
10143,58
10143,25
10143,61
10143,78
10143,76
10143,43
10143,19
10143,54
10144,27
10144,44
10144,74
10144,21
10144,61
10144,72
10144,102
10144,60
10144,91
10144,17
10145,49
10145,71
10145,51
10145,73
10145,16
10145,18
10145,39
10145,48
10145,13
10145,21
10146,168
10146,98
10146,43
10146,177
10146,169
10146,42
10146,121
10146,105
10146,97
10146,109
10147,3
10147,4
10147,40
10147,58
10147,20
10147,49
10147,25
10147,41
10147,29
10147,26
10148,73
10148,192
10148,100
10148,213
10148,201
10148,59
10148,102
10148,142
10148,9
10148,171
10149,26
10149,13
10149,42
10149,24
10149,6
10149,72
10149,78
10149,31
10149,60
10149,84
10150,147
10150,71
10150,70
10150,57
10150,171
10150,118
10150,209
10150,179
10150,158
10150,154
10151,52
10151,23
10151,39
10151,31
10151,53
10151,32
10151,29
10151,9
10151,14
10151,1
10152,43
10152,78
10152,104
10152,68
10152,18
10152,50
10152,44
10152,85
10152,49
10152,19
10153,155
10153,226
10153,95
10153,123
10153,107
10153,188
10153,104
10153,166
10153,69
10153,118
10154,45
10154,23
10154,63
10154,0
10154,18
10154,69
10154,56
10154,53
10154,34
10154,13
10155,76
10155,142
10155,48
10155,149
10155,19
10155,64
10155,109
10155,90
10155,114
10155,131
10156,77
10156,70
10156,57
10156,40
10156,106
10156,95
10156,32
10156,0
10156,56
10156,100
10157,22
10157,62
10157,99
10157,218
10157,146
10157,112
10157,134
10157,7
10157,245
10157,40
10158,9
10158,29
10158,47
10158,0
10158,30
10158,46
10158,19
10158,20
10158,61
10158,57
10159,114
10159,30
10159,24
10159,68
10159,70
10159,52
10159,128
10159,48
10159,47
10159,129
10160,82
10160,141
10160,76
10160,18
10160,96
10160,71
10160,148
10160,49
10160,152
10160,23
10161,164
10161,5
10161,147
10161,125
10161,138
10161,80
10161,158
10161,28
10161,173
10161,169
10162,115
10162,125
10162,89
10162,90
10162,41
10162,109
10162,102
10162,25
10162,83
10162,48
10163,37
10163,18
10163,20
10163,22
10163,21
10163,30
10163,34
10163,15
10163,14
10163,40
10164,142
10164,145
10164,82
10164,159
10164,69
10164,137
10164,144
10164,151
10164,67
10164,27
10165,48
10165,31
10165,47
10165,26
10165,67
10165,52
10165,66
10165,104
10165,4
10165,20
10166,119
10166,39
10166,174
10166,17
10166,70
10166,143
10166,146
10166,108
10166,21
10166,93
10167,57
10167,60
10167,15
10167,90
10167,72
10167,95
10167,42
10167,86
10167,40
10167,87
10168,33
10168,157
10168,50
10168,153
10168,73
10168,139
10168,155
10168,135
10168,26
10168,51
10170,130
10170,64
10170,112
10170,96
10170,55
10170,11
10170,147
10170,48
10170,124
10170,83
10171,48
10171,50
10171,16
10171,64
10171,6
10171,0
10171,18
10171,36
10171,37
10171,25
10172,83
10172,106
10172,101
10172,133
10172,78
10172,54
10172,53
10172,76
10172,125
10172,11
10173,88
10173,122
10173,31
10173,10
10173,55
10173,6
10173,132
10173,34
10173,109
10173,56
10174,40
10174,111
10174,72
10174,61
10174,107
10174,105
10174,3
10174,39
10174,119
10174,102
10175,80
10175,83
10175,52
10175,81
10175,76
10175,82
10175,50
10175,55
10175,88
10175,70
10176,25
10176,91
10176,132
10176,64
10176,73
10176,74
10176,90
10176,133
10176,50
10176,93
10177,78
10177,91
10177,26
10177,64
10177,106
10177,5
10177,0
10177,32
10177,3
10177,62
10178,27
10178,3
10178,85
10178,81
10178,24
10178,70
10178,68
10178,75
10178,22
10178,73
10179,74
10179,14
10179,116
10179,125
10179,105
10179,88
10179,127
10179,26
10179,30
10179,99
10181,94
10181,127
10181,72
10181,31
10181,32
10181,102
10181,140
10181,158
10181,52
10181,176
10182,23
10182,42
10182,5
10182,2
10182,27
10182,11
10182,43
10182,7
10182,20
10182,3
10184,54
10184,123
10184,10
10184,92
10184,34
10184,100
10184,187
10184,165
10184,150
10184,115
10185,28
10185,6
10185,41
10185,45
10185,42
10185,47
10185,50
10185,44
10185,10
10185,3
10186,39
10186,20
10186,2
10186,23
10186,35
10186,12
10186,37
10186,9
10186,30
10186,91
10187,77
10187,0
10187,39
10187,19
10187,37
10187,31
10187,52
10187,35
10187,107
10187,26
10188,0
10188,13
10188,14
10188,7
10188,18
10188,11
10188,26
10188,2
10188,21
10188,25
10189,9
10189,139
10189,61
10189,97
10189,84
10189,6
10189,62
10189,48
10189,75
10189,52
10190,100
10190,7
10190,51
10190,6
10190,57
10190,17
10190,119
10190,73
10190,38
10190,107
10191,112
10191,56
10191,36
10191,34
10191,86
10191,199
10191,45
10191,191
10191,134
10191,161
10192,12
10192,10
10192,108
10192,79
10192,106
10192,27
10192,99
10192,93
10192,88
10192,69
10193,49
10193,19
10193,6
10193,48
10193,30
10193,11
10193,52
10193,12
10193,24
10193,13
10194,19
10194,10
10194,12
10194,85
10194,23
10194,84
10194,73
10194,32
10194,80
10194,31
10195,24
10195,10
10195,47
10195,51
10195,21
10195,37
10195,11
10195,27
10195,26
10195,72
10196,117
10196,11
10196,44
10196,23
10196,13
10196,34
10196,25
10196,87
10196,59
10196,7
10197,33
10197,50
10197,55
10197,39
10197,4
10197,59
10197,31
10197,72
10197,51
10197,25
10198,116
10198,64
10198,47
10198,114
10198,111
10198,13
10198,94
10198,110
10198,22
10198,106
10199,114
10199,47
10199,23
10199,15
10199,102
10199,50
10199,116
10199,101
10199,131
10199,11
10200,0
10200,38
10200,8
10200,35
10200,11
10200,15
10200,7
10200,6
10200,10
10200,52
10201,84
10201,29
10201,16
10201,111
10201,44
10201,25
10201,52
10201,128
10201,64
10201,68
10202,59
10202,103
10202,41
10202,116
10202,72
10202,107
10202,102
10202,46
10202,12
10202,10
10203,103
10203,38
10203,109
10203,46
10203,115
10203,105
10203,114
10203,64
10203,24
10203,95
10204,210
10204,113
10204,144
10204,46
10204,58
10204,95
10204,188
10204,137
10204,159
10204,92
10205,47
10205,44
10205,58
10205,71
10205,54
10205,37
10205,55
10205,19
10205,61
10205,57
10206,118
10206,19
10206,9
10206,11
10206,36
10206,119
10206,1
10206,43
10206,81
10206,2
10207,14
10207,3
10207,30
10207,60
10207,17
10207,20
10207,39
10207,24
10207,18
10207,49
10208,120
10208,24
10208,13
10208,124
10208,126
10208,78
10208,64
10208,106
10208,66
10208,50
10210,106
10210,90
10210,142
10210,128
10210,52
10210,115
10210,95
10210,72
10210,69
10210,12
10211,33
10211,117
10211,89
10211,34
10211,138
10211,91
10211,61
10211,71
10211,122
10211,92
10212,31
10212,10
10212,23
10212,45
10212,34
10212,40
10212,7
10212,37
10212,53
10212,42
10213,21
10213,48
10213,31
10213,4
10213,12
10213,7
10213,29
10213,14
10213,24
10213,1
10214,28
10214,32
10214,35
10214,52
10214,96
10214,121
10214,44
10214,3
10214,78
10214,80
10215,53
10215,40
10215,70
10215,36
10215,56
10215,72
10215,26
10215,50
10215,8
10215,63
10216,47
10216,18
10216,22
10216,29
10216,44
10216,35
10216,51
10216,37
10216,14
10216,52
10217,6
10217,93
10217,3
10217,22
10217,37
10217,17
10217,13
10217,2
10217,41
10217,20
10218,35
10218,98
10218,115
10218,123
10218,58
10218,132
10218,63
10218,105
10218,138
10218,127
10219,104
10219,70
10219,6
10219,59
10219,39
10219,22
10219,64
10219,134
10219,80
10219,30
10220,27
10220,42
10220,17
10220,36
10220,96
10220,11
10220,64
10220,57
10220,7
10220,41
10221,124
10221,39
10221,6
10221,11
10221,12
10221,60
10221,94
10221,128
10221,101
10221,112
10222,65
10222,53
10222,108
10222,13
10222,7
10222,63
10222,107
10222,80
10222,113
10222,8
10223,24
10223,4
10223,17
10223,32
10223,3
10223,34
10223,33
10223,42
10223,7
10223,6
10224,97
10224,16
10224,24
10224,30
10224,121
10224,57
10224,133
10224,8
10224,28
10224,173
10225,33
10225,55
10225,18
10225,59
10225,67
10225,54
10225,31
10225,17
10225,57
10225,39
10226,106
10226,88
10226,41
10226,93
10226,77
10226,54
10226,46
10226,73
10226,18
10226,24
10227,29
10227,97
10227,121
10227,176
10227,140
10227,58
10227,51
10227,59
10227,188
10227,17
10228,189
10228,138
10228,143
10228,19
10228,176
10228,139
10228,130
10228,89
10228,30
10228,121
10229,61
10229,17
10229,56
10229,14
10229,32
10229,25
10229,57
10229,18
10229,23
10229,46
10230,33
10230,11
10230,62
10230,77
10230,88
10230,81
10230,70
10230,91
10230,78
10230,65
10231,22
10231,18
10231,79
10231,91
10231,47
10231,113
10231,26
10231,33
10231,89
10231,34
10232,101
10232,111
10232,139
10232,62
10232,94
10232,61
10232,40
10232,5
10232,126
10232,80
10233,88
10233,81
10233,17
10233,59
10233,0
10233,50
10233,91
10233,12
10233,23
10233,73
10234,52
10234,61
10234,23
10234,73
10234,40
10234,32
10234,53
10234,59
10234,24
10234,70
10235,7
10235,3
10235,81
10235,58
10235,28
10235,73
10235,53
10235,39
10235,80
10235,5
10236,93
10236,112
10236,66
10236,16
10236,81
10236,132
10236,87
10236,123
10236,78
10236,61
10237,98
10237,45
10237,106
10237,63
10237,26
10237,77
10237,61
10237,123
10237,125
10237,54
10238,35
10238,46
10238,61
10238,28
10238,31
10238,66
10238,78
10238,53
10238,81
10238,71
10239,89
10239,46
10239,24
10239,32
10239,70
10239,113
10239,114
10239,122
10239,20
10239,75
10240,121
10240,105
10240,95
10240,193
10240,145
10240,79
10240,165
10240,82
10240,210
10240,141
10242,109
10242,35
10242,45
10242,95
10242,108
10242,133
10242,7
10242,158
10242,61
10242,64
10243,88
10243,176
10243,230
10243,48
10243,85
10243,9
10243,120
10243,240
10243,91
10243,177
10244,112
10244,18
10244,103
10244,52
10244,21
10244,47
10244,24
10244,2
10244,3
10244,111
10245,170
10245,62
10245,160
10245,149
10245,195
10245,128
10245,16
10245,106
10245,218
10245,90
10246,83
10246,104
10246,77
10246,13
10246,80
10246,107
10246,93
10246,36
10246,39
10246,10
10247,25
10247,73
10247,141
10247,81
10247,115
10247,7
10247,106
10247,18
10247,78
10247,116
10249,62
10249,52
10249,57
10249,4
10249,14
10249,42
10249,41
10249,28
10249,23
10249,35
10250,24
10250,39
10250,41
10250,11
10250,68
10250,61
10250,22
10250,66
10250,23
10250,15
10251,191
10251,11
10251,121
10251,50
10251,203
10251,168
10251,192
10251,126
10251,117
10251,151
10252,117
10252,116
10252,134
10252,61
10252,90
10252,47
10252,70
10252,133
10252,71
10252,55
10253,71
10253,126
10253,96
10253,54
10253,43
10253,26
10253,74
10253,104
10253,127
10253,93
10254,7
10254,38
10254,10
10254,55
10254,64
10254,88
10254,62
10254,109
10254,34
10254,115
10255,25
10255,7
10255,69
10255,18
10255,22
10255,28
10255,66
10255,33
10255,6
10255,84
10256,78
10256,105
10256,158
10256,13
10256,189
10256,94
10256,29
10256,170
10256,148
10256,212
10257,124
10257,19
10257,123
10257,46
10257,84
10257,42
10257,62
10257,11
10257,9
10257,15
10258,11
10258,67
10258,1
10258,14
10258,88
10258,47
10258,42
10258,63
10258,87
10258,84
10259,15
10259,32
10259,24
10259,56
10259,68
10259,27
10259,39
10259,19
10259,93
10259,69
10260,38
10260,9
10260,29
10260,27
10260,42
10260,57
10260,88
10260,1
10260,34
10260,33
10261,64
10261,51
10261,28
10261,59
10261,50
10261,75
10261,77
10261,33
10261,84
10261,69
10262,86
10262,15
10262,34
10262,12
10262,88
10262,99
10262,118
10262,46
10262,8
10262,6
10263,68
10263,47
10263,40
10263,6
10263,26
10263,57
10263,61
10263,66
10263,59
10263,15
10264,20
10264,85
10264,53
10264,49
10264,87
10264,92
10264,142
10264,31
10264,30
10264,84
10265,9
10265,104
10265,62
10265,60
10265,26
10265,155
10265,134
10265,148
10265,106
10265,150
10266,62
10266,21
10266,77
10266,91
10266,54
10266,68
10266,88
10266,79
10266,73
10266,20
10267,114
10267,141
10267,26
10267,70
10267,130
10267,154
10267,31
10267,152
10267,73
10267,106
10268,103
10268,19
10268,75
10268,69
10268,58
10268,55
10268,61
10268,31
10268,23
10268,104
10269,59
10269,18
10269,82
10269,37
10269,55
10269,72
10269,58
10269,76
10269,46
10269,75
10270,127
10270,107
10270,45
10270,133
10270,26
10270,31
10270,47
10270,67
10270,66
10270,74
10271,25
10271,86
10271,13
10271,68
10271,82
10271,83
10271,106
10271,114
10271,39
10271,118
10272,198
10272,5
10272,178
10272,302
10272,202
10272,256
10272,311
10272,203
10272,324
10272,286
10273,41
10273,33
10273,51
10273,25
10273,8
10273,39
10273,15
10273,32
10273,18
10273,6
10274,72
10274,100
10274,119
10274,20
10274,16
10274,12
10274,115
10274,66
10274,110
10274,101
10275,63
10275,83
10275,114
10275,92
10275,107
10275,98
10275,18
10275,15
10275,119
10275,90
10276,25
10276,296
10276,235
10276,242
10276,77
10276,273
10276,198
10276,304
10276,158
10276,274
10277,56
10277,23
10277,29
10277,73
10277,17
10277,39
10277,42
10277,70
10277,32
10277,26
10278,40
10278,36
10278,57
10278,5
10278,26
10278,82
10278,41
10278,77
10278,107
10278,50
10279,133
10279,121
10279,174
10279,31
10279,13
10279,74
10279,89
10279,163
10279,128
10279,172
10280,16
10280,97
10280,128
10280,22
10280,72
10280,75
10280,11
10280,151
10280,159
10280,35
10281,134
10281,102
10281,97
10281,38
10281,93
10281,129
10281,61
10281,50
10281,162
10281,142
10282,7
10282,98
10282,44
10282,55
10282,78
10282,52
10282,86
10282,61
10282,85
10282,40
10283,49
10283,12
10283,84
10283,10
10283,20
10283,44
10283,54
10283,67
10283,50
10283,55
10284,18
10284,131
10284,60
10284,56
10284,44
10284,30
10284,66
10284,21
10284,101
10284,16
10285,60
10285,31
10285,5
10285,53
10285,44
10285,15
10285,46
10285,1
10285,19
10285,51
10286,55
10286,41
10286,71
10286,95
10286,9
10286,33
10286,57
10286,12
10286,96
10286,7
10287,12
10287,23
10287,33
10287,43
10287,6
10287,1
10287,42
10287,9
10287,36
10287,28
10288,195
10288,16
10288,88
10288,186
10288,144
10288,19
10288,77
10288,166
10288,64
10288,185
10290,90
10290,97
10290,43
10290,1
10290,101
10290,44
10290,105
10290,106
10290,99
10290,93
10291,23
10291,34
10291,10
10291,65
10291,39
10291,20
10291,37
10291,63
10291,52
10291,38
10293,37
10293,11
10293,9
10293,47
10293,41
10293,8
10293,18
10293,15
10293,5
10293,34
10294,78
10294,32
10294,3
10294,54
10294,80
10294,64
10294,0
10294,27
10294,87
10294,73
10295,35
10295,4
10295,17
10295,19
10295,37
10295,26
10295,30
10295,23
10295,34
10295,41
10296,61
10296,53
10296,38
10296,52
10296,72
10296,22
10296,46
10296,33
10296,51
10296,86
10297,55
10297,63
10297,76
10297,89
10297,47
10297,86
10297,123
10297,88
10297,85
10297,57
10298,261
10298,254
10298,265
10298,181
10298,91
10298,208
10298,64
10298,270
10298,110
10298,274
10299,19
10299,36
10299,96
10299,34
10299,117
10299,89
10299,53
10299,33
10299,58
10299,75
10300,5
10300,38
10300,0
10300,73
10300,78
10300,81
10300,10
10300,67
10300,80
10300,82
10301,172
10301,124
10301,129
10301,42
10301,97
10301,68
10301,74
10301,128
10301,142
10301,5
10302,75
10302,32
10302,16
10302,58
10302,14
10302,38
10302,1
10302,86
10302,47
10302,49
10303,44
10303,38
10303,133
10303,18
10303,100
10303,56
10303,103
10303,83
10303,33
10303,101
10305,34
10305,43
10305,27
10305,77
10305,9
10305,69
10305,42
10305,52
10305,70
10305,99
10306,68
10306,98
10306,64
10306,33
10306,79
10306,121
10306,19
10306,88
10306,55
10306,108
10307,53
10307,57
10307,0
10307,55
10307,15
10307,21
10307,19
10307,50
10307,16
10307,46
10308,33
10308,45
10308,40
10308,50
10308,13
10308,17
10308,5
10308,30
10308,4
10308,18
10310,62
10310,112
10310,103
10310,98
10310,40
10310,60
10310,51
10310,99
10310,42
10310,47
10311,62
10311,56
10311,145
10311,175
10311,142
10311,164
10311,126
10311,5
10311,165
10311,157
10312,189
10312,161
10312,132
10312,65
10312,8
10312,95
10312,23
10312,97
10312,51
10312,106
10313,117
10313,25
10313,38
10313,81
10313,133
10313,6
10313,15
10313,60
10313,53
10313,97
10315,40
10315,108
10315,100
10315,123
10315,29
10315,32
10315,89
10315,105
10315,81
10315,95
10316,263
10316,184
10316,241
10316,123
10316,23
10316,78
10316,112
10316,218
10316,272
10316,22
10317,56
10317,43
10317,14
10317,37
10317,64
10317,73
10317,90
10317,60
10317,78
10317,107
10318,57
10318,249
10318,149
10318,223
10318,185
10318,173
10318,135
10318,85
10318,138
10318,199
10319,82
10319,132
10319,146
10319,58
10319,92
10319,14
10319,16
10319,124
10319,37
10319,105
10320,103
10320,16
10320,2
10320,12
10320,9
10320,26
10320,108
10320,3
10320,86
10320,114
10321,14
10321,143
10321,37
10321,254
10321,78
10321,159
10321,69
10321,164
10321,194
10321,26
10322,62
10322,21
10322,1
10322,30
10322,10
10322,83
10322,41
10322,17
10322,50
10322,73
10324,142
10324,33
10324,138
10324,160
10324,21
10324,82
10324,104
10324,166
10324,130
10324,111
10325,110
10325,105
10325,42
10325,46
10325,48
10325,104
10325,65
10325,40
10325,12
10325,97
10326,81
10326,30
10326,84
10326,33
10326,73
10326,51
10326,2
10326,116
10326,10
10326,37
10327,105
10327,87
10327,34
10327,69
10327,107
10327,25
10327,119
10327,74
10327,62
10327,124
10328,202
10328,100
10328,159
10328,64
10328,101
10328,49
10328,184
10328,161
10328,188
10328,162
10329,18
10329,72
10329,26
10329,67
10329,130
10329,86
10329,149
10329,155
10329,141
10329,13
10330,67
10330,38
10330,15
10330,19
10330,13
10330,33
10330,31
10330,60
10330,43
10330,26
10331,31
10331,11
10331,0
10331,47
10331,22
10331,19
10331,6
10331,18
10331,32
10331,30
10332,112
10332,31
10332,73
10332,165
10332,67
10332,38
10332,147
10332,152
10332,54
10332,117
10333,79
10333,21
10333,23
10333,19
10333,18
10333,55
10333,1
10333,32
10333,68
10333,49
10334,16
10334,61
10334,20
10334,116
10334,67
10334,103
10334,34
10334,74
10334,123
10334,18
10335,22
10335,83
10335,62
10335,58
10335,57
10335,70
10335,56
10335,98
10335,51
10335,20
10337,41
10337,92
10337,88
10337,54
10337,74
10337,105
10337,108
10337,51
10337,85
10337,25
10338,7
10338,20
10338,98
10338,70
10338,6
10338,78
10338,136
10338,44
10338,131
10338,140
10339,57
10339,5
10339,58
10339,31
10339,8
10339,54
10339,7
10339,41
10339,25
10339,23
10340,68
10340,67
10340,89
10340,91
10340,77
10340,40
10340,92
10340,26
10340,87
10340,33
10341,1
10341,26
10341,31
10341,56
10341,97
10341,112
10341,100
10341,103
10341,113
10341,49
10342,142
10342,92
10342,185
10342,141
10342,32
10342,25
10342,35
10342,96
10342,22
10342,166
10343,34
10343,83
10343,84
10343,11
10343,40
10343,25
10343,27
10343,44
10343,90
10343,17
10344,109
10344,120
10344,38
10344,104
10344,64
10344,54
10344,26
10344,59
10344,78
10344,111
10345,133
10345,56
10345,135
10345,26
10345,127
10345,49
10345,51
10345,53
10345,43
10345,9
10346,46
10346,125
10346,45
10346,48
10346,64
10346,49
10346,37
10346,93
10346,56
10346,68
10347,95
10347,63
10347,89
10347,55
10347,114
10347,109
10347,88
10347,96
10347,75
10347,19
10349,30
10349,59
10349,51
10349,68
10349,15
10349,120
10349,92
10349,7
10349,50
10349,117
10350,100
10350,36
10350,119
10350,146
10350,72
10350,90
10350,49
10350,97
10350,102
10350,132
10352,137
10352,105
10352,119
10352,92
10352,87
10352,83
10352,58
10352,126
10352,115
10352,133
10353,72
10353,15
10353,91
10353,88
10353,35
10353,105
10353,104
10353,70
10353,85
10353,92
10354,33
10354,34
10354,9
10354,27
10354,6
10354,55
10354,30
10354,31
10354,19
10354,29
10355,44
10355,90
10355,9
10355,12
10355,130
10355,114
10355,48
10355,115
10355,20
10355,103
10356,72
10356,148
10356,95
10356,182
10356,87
10356,96
10356,98
10356,37
10356,170
10356,73
10357,40
10357,25
10357,48
10357,63
10357,50
10357,92
10357,45
10357,3
10357,59
10357,94
10358,46
10358,38
10358,33
10358,56
10358,16
10358,68
10358,71
10358,65
10358,121
10358,120
10359,1
10359,4
10359,100
10359,107
10359,33
10359,50
10359,104
10359,89
10359,108
10359,18
10360,53
10360,50
10360,74
10360,69
10360,68
10360,27
10360,88
10360,19
10360,35
10360,54
10361,49
10361,79
10361,39
10361,9
10361,32
10361,31
10361,18
10361,50
10361,53
10361,42
10362,70
10362,45
10362,6
10362,35
10362,12
10362,29
10362,26
10362,51
10362,79
10362,10
10364,4
10364,38
10364,30
10364,21
10364,41
10364,31
10364,34
10364,10
10364,22
10364,0
10365,136
10365,53
10365,24
10365,103
10365,126
10365,16
10365,104
10365,43
10365,145
10365,48
10366,10
10366,70
10366,38
10366,36
10366,37
10366,69
10366,45
10366,73
10366,51
10366,32
10367,64
10367,71
10367,121
10367,140
10367,11
10367,80
10367,96
10367,99
10367,46
10367,212
10368,9
10368,14
10368,67
10368,43
10368,63
10368,11
10368,66
10368,20
10368,39
10368,18
10369,65
10369,80
10369,169
10369,82
10369,142
10369,119
10369,14
10369,73
10369,24
10369,110
10370,1
10370,40
10370,21
10370,38
10370,57
10370,35
10370,33
10370,50
10370,28
10370,31
10371,34
10371,17
10371,9
10371,57
10371,49
10371,41
10371,7
10371,60
10371,35
10371,121
10372,147
10372,90
10372,23
10372,81
10372,104
10372,83
10372,115
10372,40
10372,155
10372,121
10373,31
10373,175
10373,74
10373,151
10373,87
10373,181
10373,29
10373,166
10373,169
10373,39
10374,101
10374,53
10374,67
10374,99
10374,110
10374,34
10374,106
10374,14
10374,118
10374,76
10375,59
10375,67
10375,46
10375,10
10375,19
10375,76
10375,71
10375,56
10375,4
10375,34
10376,384
10376,265
10376,223
10376,274
10376,253
10376,8
10376,56
10376,330
10376,117
10376,310
10377,6
10377,8
10377,2
10377,15
10377,4
10377,3
10377,1
10377,13
10377,9
10377,12
10378,16
10378,30
10378,32
10378,31
10378,14
10378,9
10378,11
10378,4
10378,26
10378,10
10379,113
10379,70
10379,2
10379,24
10379,126
10379,65
10379,101
10379,35
10379,5
10379,0
10380,61
10380,11
10380,81
10380,35
10380,47
10380,64
10380,46
10380,12
10380,75
10380,55
10381,126
10381,116
10381,104
10381,42
10381,58
10381,177
10381,186
10381,159
10381,189
10381,166
10382,32
10382,69
10382,19
10382,58
10382,33
10382,14
10382,13
10382,57
10382,2
10382,40
10383,196
10383,124
10383,105
10383,113
10383,31
10383,271
10383,239
10383,111
10383,286
10383,128
10384,2
10384,25
10384,41
10384,66
10384,71
10384,73
10384,64
10384,32
10384,18
10384,13
10385,13
10385,30
10385,14
10385,19
10385,31
10385,12
10385,8
10385,52
10385,55
10385,57
10386,90
10386,30
10386,70
10386,87
10386,56
10386,49
10386,60
10386,59
10386,47
10386,72
10387,311
10387,116
10387,186
10387,218
10387,330
10387,3
10387,71
10387,83
10387,70
10387,358
10388,15
10388,24
10388,26
10388,34
10388,46
10388,36
10388,39
10388,18
10388,33
10388,29
10389,32
10389,5
10389,35
10389,76
10389,3
10389,85
10389,56
10389,28
10389,57
10389,53
10390,59
10390,89
10390,53
10390,9
10390,32
10390,19
10390,85
10390,79
10390,51
10390,22
10391,145
10391,110
10391,60
10391,97
10391,77
10391,39
10391,147
10391,116
10391,120
10391,142
10392,105
10392,116
10392,118
10392,45
10392,46
10392,89
10392,63
10392,120
10392,11
10392,20
10393,20
10393,66
10393,23
10393,22
10393,53
10393,19
10393,67
10393,33
10393,73
10393,56
10394,59
10394,167
10394,141
10394,21
10394,51
10394,196
10394,46
10394,75
10394,143
10394,89
10395,33
10395,63
10395,56
10395,60
10395,66
10395,44
10395,14
10395,57
10395,51
10395,40
10396,70
10396,37
10396,186
10396,302
10396,312
10396,254
10396,154
10396,321
10396,189
10396,246
10397,78
10397,134
10397,38
10397,254
10397,203
10397,15
10397,192
10397,55
10397,125
10397,122
10398,20
10398,6
10398,21
10398,23
10398,9
10398,7
10398,2
10398,14
10398,11
10398,15
10399,11
10399,42
10399,5
10399,59
10399,31
10399,23
10399,70
10399,82
10399,14
10399,65
10400,13
10400,14
10400,17
10400,101
10400,11
10400,78
10400,54
10400,24
10400,91
10400,97
10401,86
10401,84
10401,0
10401,87
10401,20
10401,37
10401,115
10401,89
10401,109
10401,118
10402,47
10402,178
10402,170
10402,78
10402,136
10402,86
10402,158
10402,40
10402,185
10402,175
10403,35
10403,15
10403,25
10403,5
10403,2
10403,3
10403,37
10403,16
10403,30
10403,13
10404,14
10404,20
10404,30
10404,7
10404,22
10404,4
10404,5
10404,46
10404,31
10404,48
10405,83
10405,94
10405,93
10405,67
10405,65
10405,31
10405,10
10405,103
10405,39
10405,41
10406,45
10406,92
10406,16
10406,133
10406,76
10406,23
10406,41
10406,31
10406,36
10406,96
10407,23
10407,38
10407,9
10407,45
10407,24
10407,1
10407,60
10407,33
10407,63
10407,61
10408,113
10408,93
10408,124
10408,18
10408,8
10408,74
10408,184
10408,11
10408,63
10408,134
10409,20
10409,21
10409,17
10409,26
10409,30
10409,3
10409,35
10409,42
10409,0
10409,19
10410,150
10410,105
10410,16
10410,166
10410,26
10410,95
10410,127
10410,50
10410,222
10410,217
10411,43
10411,22
10411,21
10411,44
10411,33
10411,20
10411,36
10411,7
10411,58
10411,23
10412,17
10412,39
10412,37
10412,27
10412,69
10412,10
10412,14
10412,6
10412,58
10412,35
10413,34
10413,12
10413,2
10413,53
10413,31
10413,3
10413,22
10413,15
10413,25
10413,38
10414,2
10414,29
10414,41
10414,25
10414,1
10414,67
10414,50
10414,19
10414,9
10414,30
10415,26
10415,81
10415,138
10415,141
10415,39
10415,100
10415,97
10415,104
10415,79
10415,27
10416,48
10416,4
10416,22
10416,56
10416,39
10416,12
10416,5
10416,46
10416,17
10416,50
10417,50
10417,133
10417,56
10417,15
10417,105
10417,93
10417,115
10417,127
10417,26
10417,53
10418,52
10418,99
10418,18
10418,97
10418,74
10418,59
10418,90
10418,11
10418,8
10418,79
10419,47
10419,108
10419,130
10419,120
10419,73
10419,98
10419,91
10419,121
10419,169
10419,131
10420,91
10420,30
10420,100
10420,26
10420,23
10420,75
10420,40
10420,18
10420,106
10420,74
10421,106
10421,155
10421,43
10421,72
10421,134
10421,101
10421,141
10421,49
10421,1
10421,161
10422,31
10422,94
10422,45
10422,88
10422,11
10422,69
10422,38
10422,114
10422,0
10422,86
10423,75
10423,5
10423,53
10423,116
10423,99
10423,66
10423,109
10423,144
10423,92
10423,71
10424,97
10424,57
10424,78
10424,45
10424,88
10424,43
10424,91
10424,99
10424,84
10424,38
10425,65
10425,17
10425,11
10425,15
10425,4
10425,78
10425,31
10425,16
10425,54
10425,23
10426,10
10426,3
10426,13
10426,0
10426,22
10426,21
10426,6
10426,7
10426,4
10426,23
10427,69
10427,83
10427,58
10427,63
10427,39
10427,66
10427,37
10427,50
10427,57
10427,24
10428,83
10428,7
10428,45
10428,5
10428,96
10428,10
10428,49
10428,37
10428,3
10428,38
10429,47
10429,65
10429,23
10429,49
10429,37
10429,96
10429,67
10429,97
10429,48
10429,98
10430,26
10430,102
10430,55
10430,63
10430,47
10430,66
10430,32
10430,78
10430,116
10430,75
10431,123
10431,57
10431,133
10431,18
10431,65
10431,13
10431,134
10431,14
10431,119
10431,162
10432,148
10432,132
10432,63
10432,64
10432,69
10432,175
10432,12
10432,40
10432,163
10432,122
10433,42
10433,17
10433,50
10433,64
10433,36
10433,21
10433,37
10433,55
10433,39
10433,23
10434,54
10434,3
10434,30
10434,1
10434,40
10434,28
10434,43
10434,11
10434,46
10434,25
10435,4
10435,108
10435,105
10435,104
10435,161
10435,91
10435,173
10435,30
10435,136
10435,112
10436,55
10436,34
10436,106
10436,109
10436,99
10436,87
10436,117
10436,91
10436,61
10436,83
10437,50
10437,49
10437,39
10437,25
10437,53
10437,36
10437,11
10437,19
10437,8
10437,3
10438,5
10438,81
10438,75
10438,66
10438,42
10438,36
10438,77
10438,64
10438,27
10438,58
10439,92
10439,95
10439,23
10439,75
10439,88
10439,82
10439,136
10439,10
10439,72
10439,80
10440,13
10440,77
10440,146
10440,19
10440,121
10440,48
10440,148
10440,3
10440,116
10440,35
10441,9
10441,0
10441,11
10441,45
10441,22
10441,6
10441,30
10441,21
10441,5
10441,18
10442,35
10442,48
10442,18
10442,24
10442,16
10442,47
10442,43
10442,3
10442,8
10442,27
10443,58
10443,8
10443,131
10443,101
10443,34
10443,22
10443,42
10443,70
10443,125
10443,109
10444,26
10444,54
10444,18
10444,55
10444,90
10444,56
10444,68
10444,1
10444,80
10444,102
10445,88
10445,64
10445,7
10445,92
10445,58
10445,83
10445,85
10445,102
10445,109
10445,101
10446,220
10446,261
10446,248
10446,100
10446,19
10446,415
10446,429
10446,436
10446,54
10446,240
10447,108
10447,167
10447,113
10447,44
10447,178
10447,67
10447,70
10447,192
10447,162
10447,32
10448,10
10448,107
10448,7
10448,11
10448,80
10448,56
10448,9
10448,37
10448,44
10448,66
10449,92
10449,118
10449,112
10449,69
10449,104
10449,67
10449,87
10449,101
10449,24
10449,90
10450,30
10450,50
10450,12
10450,22
10450,25
10450,32
10450,62
10450,15
10450,26
10450,36
10451,132
10451,75
10451,83
10451,106
10451,81
10451,82
10451,24
10451,29
10451,129
10451,57
10452,65
10452,59
10452,21
10452,99
10452,91
10452,109
10452,64
10452,104
10452,34
10452,12
10453,71
10453,70
10453,74
10453,73
10453,27
10453,121
10453,119
10453,65
10453,100
10453,83
10454,44
10454,111
10454,50
10454,59
10454,91
10454,43
10454,53
10454,27
10454,99
10454,119
10455,43
10455,12
10455,137
10455,142
10455,92
10455,87
10455,118
10455,155
10455,13
10455,104
10457,71
10457,1
10457,87
10457,100
10457,103
10457,40
10457,94
10457,97
10457,61
10457,17
10458,211
10458,57
10458,197
10458,50
10458,221
10458,231
10458,29
10458,204
10458,179
10458,64
10459,122
10459,0
10459,5
10459,105
10459,45
10459,91
10459,46
10459,117
10459,34
10459,38
10460,21
10460,65
10460,134
10460,86
10460,54
10460,5
10460,123
10460,6
10460,121
10460,52
10461,52
10461,65
10461,72
10461,77
10461,1
10461,16
10461,25
10461,57
10461,68
10461,54
10462,22
10462,132
10462,16
10462,24
10462,126
10462,6
10462,117
10462,103
10462,37
10462,125
10463,18
10463,65
10463,19
10463,6
10463,28
10463,71
10463,13
10463,38
10463,30
10463,29
10464,108
10464,117
10464,63
10464,16
10464,124
10464,61
10464,91
10464,59
10464,3
10464,127
10465,103
10465,81
10465,62
10465,127
10465,108
10465,42
10465,132
10465,84
10465,114
10465,70
10466,149
10466,50
10466,15
10466,122
10466,124
10466,98
10466,97
10466,135
10466,118
10466,26
10467,6
10467,49
10467,31
10467,10
10467,3
10467,2
10467,24
10467,22
10467,15
10467,21
10468,45
10468,58
10468,8
10468,44
10468,37
10468,19
10468,42
10468,60
10468,20
10468,21
10469,5
10469,0
10469,7
10469,4
10469,2
10469,1
10469,6
10469,3
10470,163
10470,118
10470,280
10470,62
10470,41
10470,93
10470,221
10470,11
10470,146
10470,239
10471,86
10471,50
10471,58
10471,55
10471,57
10471,8
10471,146
10471,83
10471,92
10471,112
10472,80
10472,45
10472,42
10472,48
10472,60
10472,84
10472,13
10472,44
10472,74
10472,43
10473,11
10473,30
10473,59
10473,7
10473,16
10473,4
10473,41
10473,60
10473,50
10473,48
10474,75
10474,63
10474,25
10474,7
10474,89
10474,94
10474,23
10474,88
10474,4
10474,27
10475,0
10475,44
10475,133
10475,81
10475,135
10475,107
10475,28
10475,51
10475,69
10475,122
10476,25
10476,59
10476,85
10476,17
10476,28
10476,71
10476,7
10476,44
10476,70
10476,20
10477,44
10477,32
10477,56
10477,11
10477,39
10477,48
10477,10
10477,70
10477,26
10477,34
10478,87
10478,74
10478,83
10478,66
10478,98
10478,12
10478,145
10478,140
10478,63
10478,154
10479,81
10479,89
10479,65
10479,46
10479,33
10479,66
10479,10
10479,57
10479,21
10479,41
10480,13
10480,105
10480,48
10480,82
10480,22
10480,24
10480,31
10480,89
10480,93
10480,91
10481,83
10481,81
10481,34
10481,48
10481,17
10481,46
10481,13
10481,8
10481,72
10481,5
10482,105
10482,177
10482,167
10482,86
10482,107
10482,142
10482,134
10482,162
10482,165
10482,52
10483,13
10483,6
10483,12
10483,8
10483,20
10483,27
10483,10
10483,5
10483,2
10483,0
10484,77
10484,25
10484,7
10484,75
10484,22
10484,64
10484,62
10484,65
10484,107
10484,49
10485,54
10485,113
10485,67
10485,102
10485,66
10485,108
10485,103
10485,32
10485,121
10485,22
10486,40
10486,9
10486,16
10486,38
10486,28
10486,1
10486,4
10486,7
10486,19
10486,22
10487,30
10487,73
10487,54
10487,27
10487,16
10487,36
10487,41
10487,38
10487,62
10487,64
10488,107
10488,108
10488,87
10488,39
10488,150
10488,117
10488,33
10488,106
10488,59
10488,88
10489,148
10489,142
10489,71
10489,7
10489,163
10489,88
10489,133
10489,61
10489,64
10489,74
10490,107
10490,18
10490,69
10490,110
10490,67
10490,45
10490,103
10490,44
10490,50
10490,35
10491,7
10491,17
10491,25
10491,21
10491,28
10491,40
10491,11
10491,30
10491,14
10491,0
10492,94
10492,97
10492,106
10492,84
10492,104
10492,92
10492,20
10492,67
10492,3
10492,7
10493,7
10493,0
10493,5
10493,1
10493,92
10493,66
10493,84
10493,33
10493,26
10493,23
10495,14
10495,25
10495,46
10495,12
10495,56
10495,47
10495,55
10495,42
10495,3
10495,34
10496,259
10496,143
10496,25
10496,49
10496,14
10496,8
10496,131
10496,24
10496,1
10496,9
10497,74
10497,78
10497,90
10497,24
10497,46
10497,104
10497,6
10497,97
10497,25
10497,83
10498,206
10498,121
10498,204
10498,38
10498,208
10498,111
10498,175
10498,45
10498,33
10498,19
10499,152
10499,136
10499,38
10499,19
10499,145
10499,148
10499,141
10499,133
10499,116
10499,151
10500,115
10500,91
10500,32
10500,57
10500,2
10500,100
10500,66
10500,63
10500,31
10500,67
10502,89
10502,86
10502,14
10502,69
10502,48
10502,74
10502,81
10502,83
10502,88
10502,21
10503,50
10503,80
10503,9
10503,141
10503,74
10503,24
10503,71
10503,14
10503,171
10503,143
10504,162
10504,36
10504,180
10504,2
10504,155
10504,124
10504,35
10504,6
10504,151
10504,152
10505,71
10505,85
10505,84
10505,45
10505,4
10505,55
10505,110
10505,131
10505,18
10505,114
10506,32
10506,62
10506,23
10506,17
10506,39
10506,52
10506,61
10506,45
10506,13
10506,9
10507,39
10507,2
10507,41
10507,37
10507,26
10507,35
10507,20
10507,18
10507,28
10507,10
10508,59
10508,31
10508,20
10508,86
10508,60
10508,40
10508,89
10508,77
10508,83
10508,145
10509,56
10509,68
10509,13
10509,62
10509,60
10509,37
10509,48
10509,82
10509,77
10509,17
10510,226
10510,247
10510,249
10510,394
10510,299
10510,110
10510,241
10510,199
10510,60
10510,196
10511,141
10511,120
10511,149
10511,179
10511,33
10511,165
10511,142
10511,111
10511,125
10511,97
10512,15
10512,20
10512,8
10512,60
10512,1
10512,57
10512,58
10512,12
10512,22
10512,51
10513,134
10513,36
10513,83
10513,72
10513,29
10513,24
10513,62
10513,86
10513,119
10513,23
10514,68
10514,41
10514,17
10514,29
10514,11
10514,8
10514,62
10514,53
10514,9
10514,70
10515,26
10515,18
10515,58
10515,51
10515,70
10515,37
10515,61
10515,35
10515,63
10515,22
10516,40
10516,61
10516,42
10516,63
10516,0
10516,7
10516,11
10516,1
10516,93
10516,4
10518,37
10518,57
10518,56
10518,59
10518,54
10518,51
10518,34
10518,25
10518,44
10518,60
10519,30
10519,76
10519,89
10519,2
10519,31
10519,47
10519,55
10519,77
10519,36
10519,42
10520,133
10520,110
10520,38
10520,104
10520,13
10520,87
10520,46
10520,83
10520,63
10520,52
10521,86
10521,36
10521,71
10521,1
10521,8
10521,72
10521,19
10521,35
10521,74
10521,20
10522,73
10522,79
10522,10
10522,140
10522,85
10522,150
10522,123
10522,164
10522,5
10522,108
10523,16
10523,32
10523,80
10523,70
10523,14
10523,56
10523,83
10523,41
10523,19
10523,87
10524,140
10524,218
10524,8
10524,149
10524,268
10524,144
10524,205
10524,58
10524,73
10524,129
10525,90
10525,116
10525,101
10525,55
10525,9
10525,133
10525,104
10525,103
10525,51
10525,31
10526,117
10526,77
10526,112
10526,54
10526,139
10526,16
10526,38
10526,165
10526,68
10526,114
10527,36
10527,99
10527,72
10527,85
10527,20
10527,30
10527,102
10527,68
10527,15
10527,83
10528,107
10528,109
10528,23
10528,104
10528,96
10528,26
10528,83
10528,6
10528,97
10528,50
10529,89
10529,153
10529,343
10529,367
10529,238
10529,254
10529,237
10529,259
10529,297
10529,342
10530,79
10530,112
10530,74
10530,52
10530,42
10530,8
10530,106
10530,48
10530,63
10530,29
10531,6
10531,45
10531,37
10531,66
10531,75
10531,62
10531,123
10531,89
10531,10
10531,164
10532,56
10532,42
10532,95
10532,57
10532,2
10532,50
10532,55
10532,18
10532,194
10532,61
